﻿{"frames": [

{
	"filename": "Symbol 1 instance 10000",
	"frame": {"x":0,"y":0,"w":840,"h":60},
	"rotated": false,
	"trimmed": false,
	"spriteSourceSize": {"x":0,"y":0,"w":840,"h":60},
	"sourceSize": {"w":840,"h":60}
}
,{
	"filename": "Symbol 1 instance 10001",
	"frame": {"x":0,"y":60,"w":840,"h":60},
	"rotated": false,
	"trimmed": false,
	"spriteSourceSize": {"x":0,"y":0,"w":840,"h":60},
	"sourceSize": {"w":840,"h":60}
}],
"meta": {
	"app": "Adobe Animate",
	"version": "22.0.0.93",
	"image": "panle_1.png",
	"format": "RGBA8888",
	"size": {"w":846,"h":128},
	"scale": "1"
}
}
