﻿{"frames": [

{
	"filename": "Symbol 2 instance 10000",
	"frame": {"x":0,"y":0,"w":73,"h":73},
	"rotated": false,
	"trimmed": false,
	"spriteSourceSize": {"x":0,"y":0,"w":73,"h":73},
	"sourceSize": {"w":73,"h":73}
}
,{
	"filename": "Symbol 2 instance 10001",
	"frame": {"x":73,"y":0,"w":73,"h":73},
	"rotated": false,
	"trimmed": false,
	"spriteSourceSize": {"x":0,"y":0,"w":73,"h":73},
	"sourceSize": {"w":73,"h":73}
}],
"meta": {
	"app": "Adobe Animate",
	"version": "22.0.0.93",
	"image": "width box.png",
	"format": "RGBA8888",
	"size": {"w":146,"h":74},
	"scale": "1"
}
}
