﻿{"frames": [

{
	"filename": "Symbol 4 instance 10000",
	"frame": {"x":0,"y":0,"w":84,"h":86},
	"rotated": false,
	"trimmed": false,
	"spriteSourceSize": {"x":0,"y":0,"w":84,"h":86},
	"sourceSize": {"w":84,"h":86}
}
,{
	"filename": "Symbol 4 instance 10001",
	"frame": {"x":84,"y":0,"w":84,"h":86},
	"rotated": false,
	"trimmed": false,
	"spriteSourceSize": {"x":0,"y":0,"w":84,"h":86},
	"sourceSize": {"w":84,"h":86}
}],
"meta": {
	"app": "Adobe Animate",
	"version": "22.0.0.93",
	"image": "pluse and minus aero.png",
	"format": "RGBA8888",
	"size": {"w":172,"h":86},
	"scale": "1"
}
}
