﻿{"frames": [

{
	"filename": "Symbol 4 copy instance 10000",
	"frame": {"x":0,"y":0,"w":330,"h":509},
	"rotated": false,
	"trimmed": false,
	"spriteSourceSize": {"x":0,"y":0,"w":330,"h":509},
	"sourceSize": {"w":330,"h":509}
}
,{
	"filename": "Symbol 4 copy instance 10001",
	"frame": {"x":330,"y":0,"w":330,"h":509},
	"rotated": false,
	"trimmed": false,
	"spriteSourceSize": {"x":0,"y":0,"w":330,"h":509},
	"sourceSize": {"w":330,"h":509}
}
,{
	"filename": "Symbol 4 copy instance 10002",
	"frame": {"x":660,"y":0,"w":330,"h":509},
	"rotated": false,
	"trimmed": false,
	"spriteSourceSize": {"x":0,"y":0,"w":330,"h":509},
	"sourceSize": {"w":330,"h":509}
}
,{
	"filename": "Symbol 4 copy instance 10003",
	"frame": {"x":990,"y":0,"w":330,"h":509},
	"rotated": false,
	"trimmed": false,
	"spriteSourceSize": {"x":0,"y":0,"w":330,"h":509},
	"sourceSize": {"w":330,"h":509}
}
,{
	"filename": "Symbol 4 copy instance 10004",
	"frame": {"x":1320,"y":0,"w":330,"h":509},
	"rotated": false,
	"trimmed": false,
	"spriteSourceSize": {"x":0,"y":0,"w":330,"h":509},
	"sourceSize": {"w":330,"h":509}
}
,{
	"filename": "Symbol 4 copy instance 10005",
	"frame": {"x":0,"y":509,"w":330,"h":509},
	"rotated": false,
	"trimmed": false,
	"spriteSourceSize": {"x":0,"y":0,"w":330,"h":509},
	"sourceSize": {"w":330,"h":509}
}
,{
	"filename": "Symbol 4 copy instance 10006",
	"frame": {"x":330,"y":509,"w":330,"h":509},
	"rotated": false,
	"trimmed": false,
	"spriteSourceSize": {"x":0,"y":0,"w":330,"h":509},
	"sourceSize": {"w":330,"h":509}
}
,{
	"filename": "Symbol 4 copy instance 10007",
	"frame": {"x":660,"y":509,"w":330,"h":509},
	"rotated": false,
	"trimmed": false,
	"spriteSourceSize": {"x":0,"y":0,"w":330,"h":509},
	"sourceSize": {"w":330,"h":509}
}
,{
	"filename": "Symbol 4 copy instance 10008",
	"frame": {"x":990,"y":509,"w":330,"h":509},
	"rotated": false,
	"trimmed": false,
	"spriteSourceSize": {"x":0,"y":0,"w":330,"h":509},
	"sourceSize": {"w":330,"h":509}
}
,{
	"filename": "Symbol 4 copy instance 10009",
	"frame": {"x":1320,"y":509,"w":330,"h":509},
	"rotated": false,
	"trimmed": false,
	"spriteSourceSize": {"x":0,"y":0,"w":330,"h":509},
	"sourceSize": {"w":330,"h":509}
}
,{
	"filename": "Symbol 4 copy instance 10010",
	"frame": {"x":0,"y":1018,"w":330,"h":509},
	"rotated": false,
	"trimmed": false,
	"spriteSourceSize": {"x":0,"y":0,"w":330,"h":509},
	"sourceSize": {"w":330,"h":509}
}
,{
	"filename": "Symbol 4 copy instance 10011",
	"frame": {"x":330,"y":1018,"w":330,"h":509},
	"rotated": false,
	"trimmed": false,
	"spriteSourceSize": {"x":0,"y":0,"w":330,"h":509},
	"sourceSize": {"w":330,"h":509}
}
,{
	"filename": "Symbol 4 copy instance 10012",
	"frame": {"x":660,"y":1018,"w":330,"h":509},
	"rotated": false,
	"trimmed": false,
	"spriteSourceSize": {"x":0,"y":0,"w":330,"h":509},
	"sourceSize": {"w":330,"h":509}
}
,{
	"filename": "Symbol 4 copy instance 10013",
	"frame": {"x":990,"y":1018,"w":330,"h":509},
	"rotated": false,
	"trimmed": false,
	"spriteSourceSize": {"x":0,"y":0,"w":330,"h":509},
	"sourceSize": {"w":330,"h":509}
}
,{
	"filename": "Symbol 4 copy instance 10014",
	"frame": {"x":1320,"y":1018,"w":330,"h":509},
	"rotated": false,
	"trimmed": false,
	"spriteSourceSize": {"x":0,"y":0,"w":330,"h":509},
	"sourceSize": {"w":330,"h":509}
}],
"meta": {
	"app": "Adobe Animate",
	"version": "22.0.0.93",
	"image": "cannon_yelow.png",
	"format": "RGBA8888",
	"size": {"w":1650,"h":1538},
	"scale": "1"
}
}
