﻿{"frames": [

{
	"filename": "Symbol 10 instance 10000",
	"frame": {"x":0,"y":0,"w":67,"h":68},
	"rotated": false,
	"trimmed": false,
	"spriteSourceSize": {"x":0,"y":0,"w":67,"h":68},
	"sourceSize": {"w":67,"h":68}
}
,{
	"filename": "Symbol 10 instance 10001",
	"frame": {"x":67,"y":0,"w":67,"h":68},
	"rotated": false,
	"trimmed": false,
	"spriteSourceSize": {"x":0,"y":0,"w":67,"h":68},
	"sourceSize": {"w":67,"h":68}
}],
"meta": {
	"app": "Adobe Animate",
	"version": "20.0.1.19255",
	"image": "ALA-01-G6.png",
	"format": "RGBA8888",
	"size": {"w":134,"h":68},
	"scale": "1"
}
}
