﻿{"frames": [

{
	"filename": "Symbol 6 instance 10000",
	"frame": {"x":0,"y":0,"w":141,"h":121},
	"rotated": false,
	"trimmed": false,
	"spriteSourceSize": {"x":0,"y":0,"w":141,"h":121},
	"sourceSize": {"w":141,"h":121}
}
,{
	"filename": "Symbol 6 instance 10001",
	"frame": {"x":141,"y":0,"w":141,"h":121},
	"rotated": false,
	"trimmed": false,
	"spriteSourceSize": {"x":0,"y":0,"w":141,"h":121},
	"sourceSize": {"w":141,"h":121}
}
,{
	"filename": "Symbol 6 instance 10002",
	"frame": {"x":282,"y":0,"w":141,"h":121},
	"rotated": false,
	"trimmed": false,
	"spriteSourceSize": {"x":0,"y":0,"w":141,"h":121},
	"sourceSize": {"w":141,"h":121}
}],
"meta": {
	"app": "Adobe Animate",
	"version": "22.0.0.93",
	"image": "angle_4.png",
	"format": "RGBA8888",
	"size": {"w":429,"h":124},
	"scale": "1"
}
}
