﻿{"frames": [

{
	"filename": "Symbol 15 instance 10000",
	"frame": {"x":0,"y":0,"w":27,"h":25},
	"rotated": false,
	"trimmed": false,
	"spriteSourceSize": {"x":0,"y":0,"w":27,"h":25},
	"sourceSize": {"w":27,"h":25}
}
,{
	"filename": "Symbol 15 instance 10001",
	"frame": {"x":27,"y":0,"w":27,"h":25},
	"rotated": false,
	"trimmed": false,
	"spriteSourceSize": {"x":0,"y":0,"w":27,"h":25},
	"sourceSize": {"w":27,"h":25}
}
,{
	"filename": "Symbol 15 instance 10002",
	"frame": {"x":54,"y":0,"w":27,"h":25},
	"rotated": false,
	"trimmed": false,
	"spriteSourceSize": {"x":0,"y":0,"w":27,"h":25},
	"sourceSize": {"w":27,"h":25}
}
,{
	"filename": "Symbol 15 instance 10003",
	"frame": {"x":81,"y":0,"w":27,"h":25},
	"rotated": false,
	"trimmed": false,
	"spriteSourceSize": {"x":0,"y":0,"w":27,"h":25},
	"sourceSize": {"w":27,"h":25}
}
,{
	"filename": "Symbol 15 instance 10004",
	"frame": {"x":108,"y":0,"w":27,"h":25},
	"rotated": false,
	"trimmed": false,
	"spriteSourceSize": {"x":0,"y":0,"w":27,"h":25},
	"sourceSize": {"w":27,"h":25}
}
,{
	"filename": "Symbol 15 instance 10005",
	"frame": {"x":135,"y":0,"w":27,"h":25},
	"rotated": false,
	"trimmed": false,
	"spriteSourceSize": {"x":0,"y":0,"w":27,"h":25},
	"sourceSize": {"w":27,"h":25}
}
,{
	"filename": "Symbol 15 instance 10006",
	"frame": {"x":162,"y":0,"w":27,"h":25},
	"rotated": false,
	"trimmed": false,
	"spriteSourceSize": {"x":0,"y":0,"w":27,"h":25},
	"sourceSize": {"w":27,"h":25}
}
,{
	"filename": "Symbol 15 instance 10007",
	"frame": {"x":189,"y":0,"w":27,"h":25},
	"rotated": false,
	"trimmed": false,
	"spriteSourceSize": {"x":0,"y":0,"w":27,"h":25},
	"sourceSize": {"w":27,"h":25}
}
,{
	"filename": "Symbol 15 instance 10008",
	"frame": {"x":216,"y":0,"w":27,"h":25},
	"rotated": false,
	"trimmed": false,
	"spriteSourceSize": {"x":0,"y":0,"w":27,"h":25},
	"sourceSize": {"w":27,"h":25}
}
,{
	"filename": "Symbol 15 instance 10009",
	"frame": {"x":243,"y":0,"w":27,"h":25},
	"rotated": false,
	"trimmed": false,
	"spriteSourceSize": {"x":0,"y":0,"w":27,"h":25},
	"sourceSize": {"w":27,"h":25}
}
,{
	"filename": "Symbol 15 instance 10010",
	"frame": {"x":270,"y":0,"w":27,"h":25},
	"rotated": false,
	"trimmed": false,
	"spriteSourceSize": {"x":0,"y":0,"w":27,"h":25},
	"sourceSize": {"w":27,"h":25}
}],
"meta": {
	"app": "Adobe Animate",
	"version": "22.0.0.93",
	"image": "all colour new.png",
	"format": "RGBA8888",
	"size": {"w":298,"h":25},
	"scale": "1"
}
}
