﻿{"frames": [

{
	"filename": "Symbol 2 instance 10000",
	"frame": {"x":0,"y":0,"w":256,"h":98},
	"rotated": false,
	"trimmed": false,
	"spriteSourceSize": {"x":0,"y":0,"w":256,"h":98},
	"sourceSize": {"w":256,"h":98}
}
,{
	"filename": "Symbol 2 instance 10001",
	"frame": {"x":256,"y":0,"w":256,"h":98},
	"rotated": false,
	"trimmed": false,
	"spriteSourceSize": {"x":0,"y":0,"w":256,"h":98},
	"sourceSize": {"w":256,"h":98}
}],
"meta": {
	"app": "Adobe Animate",
	"version": "22.0.0.93",
	"image": "text box_1.png",
	"format": "RGBA8888",
	"size": {"w":512,"h":98},
	"scale": "1"
}
}
