﻿{"frames": [

{
	"filename": "Symbol 1 instance 10000",
	"frame": {"x":0,"y":0,"w":42,"h":42},
	"rotated": false,
	"trimmed": false,
	"spriteSourceSize": {"x":0,"y":0,"w":42,"h":42},
	"sourceSize": {"w":42,"h":42}
}
,{
	"filename": "Symbol 1 instance 10001",
	"frame": {"x":42,"y":0,"w":42,"h":42},
	"rotated": false,
	"trimmed": false,
	"spriteSourceSize": {"x":0,"y":0,"w":42,"h":42},
	"sourceSize": {"w":42,"h":42}
}],
"meta": {
	"app": "Adobe Animate",
	"version": "22.0.0.93",
	"image": "number cercle.png",
	"format": "RGBA8888",
	"size": {"w":85,"h":44},
	"scale": "1"
}
}
