﻿{"frames": [

{
	"filename": "Symbol 2 instance 10000",
	"frame": {"x":0,"y":0,"w":298,"h":388},
	"rotated": false,
	"trimmed": false,
	"spriteSourceSize": {"x":0,"y":0,"w":298,"h":388},
	"sourceSize": {"w":298,"h":388}
}
,{
	"filename": "Symbol 2 instance 10001",
	"frame": {"x":298,"y":0,"w":298,"h":388},
	"rotated": false,
	"trimmed": false,
	"spriteSourceSize": {"x":0,"y":0,"w":298,"h":388},
	"sourceSize": {"w":298,"h":388}
}],
"meta": {
	"app": "Adobe Animate",
	"version": "22.0.0.93",
	"image": "box_1.png",
	"format": "RGBA8888",
	"size": {"w":597,"h":390},
	"scale": "1"
}
}
