﻿{"frames": [

{
	"filename": "Symbol 4 instance 10000",
	"frame": {"x":0,"y":0,"w":329,"h":510},
	"rotated": false,
	"trimmed": false,
	"spriteSourceSize": {"x":0,"y":0,"w":329,"h":510},
	"sourceSize": {"w":329,"h":510}
}
,{
	"filename": "Symbol 4 instance 10001",
	"frame": {"x":329,"y":0,"w":329,"h":510},
	"rotated": false,
	"trimmed": false,
	"spriteSourceSize": {"x":0,"y":0,"w":329,"h":510},
	"sourceSize": {"w":329,"h":510}
}
,{
	"filename": "Symbol 4 instance 10002",
	"frame": {"x":658,"y":0,"w":329,"h":510},
	"rotated": false,
	"trimmed": false,
	"spriteSourceSize": {"x":0,"y":0,"w":329,"h":510},
	"sourceSize": {"w":329,"h":510}
}
,{
	"filename": "Symbol 4 instance 10003",
	"frame": {"x":987,"y":0,"w":329,"h":510},
	"rotated": false,
	"trimmed": false,
	"spriteSourceSize": {"x":0,"y":0,"w":329,"h":510},
	"sourceSize": {"w":329,"h":510}
}
,{
	"filename": "Symbol 4 instance 10004",
	"frame": {"x":1316,"y":0,"w":329,"h":510},
	"rotated": false,
	"trimmed": false,
	"spriteSourceSize": {"x":0,"y":0,"w":329,"h":510},
	"sourceSize": {"w":329,"h":510}
}
,{
	"filename": "Symbol 4 instance 10005",
	"frame": {"x":0,"y":510,"w":329,"h":510},
	"rotated": false,
	"trimmed": false,
	"spriteSourceSize": {"x":0,"y":0,"w":329,"h":510},
	"sourceSize": {"w":329,"h":510}
}
,{
	"filename": "Symbol 4 instance 10006",
	"frame": {"x":329,"y":510,"w":329,"h":510},
	"rotated": false,
	"trimmed": false,
	"spriteSourceSize": {"x":0,"y":0,"w":329,"h":510},
	"sourceSize": {"w":329,"h":510}
}
,{
	"filename": "Symbol 4 instance 10007",
	"frame": {"x":658,"y":510,"w":329,"h":510},
	"rotated": false,
	"trimmed": false,
	"spriteSourceSize": {"x":0,"y":0,"w":329,"h":510},
	"sourceSize": {"w":329,"h":510}
}
,{
	"filename": "Symbol 4 instance 10008",
	"frame": {"x":987,"y":510,"w":329,"h":510},
	"rotated": false,
	"trimmed": false,
	"spriteSourceSize": {"x":0,"y":0,"w":329,"h":510},
	"sourceSize": {"w":329,"h":510}
}
,{
	"filename": "Symbol 4 instance 10009",
	"frame": {"x":1316,"y":510,"w":329,"h":510},
	"rotated": false,
	"trimmed": false,
	"spriteSourceSize": {"x":0,"y":0,"w":329,"h":510},
	"sourceSize": {"w":329,"h":510}
}
,{
	"filename": "Symbol 4 instance 10010",
	"frame": {"x":0,"y":1020,"w":329,"h":510},
	"rotated": false,
	"trimmed": false,
	"spriteSourceSize": {"x":0,"y":0,"w":329,"h":510},
	"sourceSize": {"w":329,"h":510}
}
,{
	"filename": "Symbol 4 instance 10011",
	"frame": {"x":329,"y":1020,"w":329,"h":510},
	"rotated": false,
	"trimmed": false,
	"spriteSourceSize": {"x":0,"y":0,"w":329,"h":510},
	"sourceSize": {"w":329,"h":510}
}
,{
	"filename": "Symbol 4 instance 10012",
	"frame": {"x":658,"y":1020,"w":329,"h":510},
	"rotated": false,
	"trimmed": false,
	"spriteSourceSize": {"x":0,"y":0,"w":329,"h":510},
	"sourceSize": {"w":329,"h":510}
}
,{
	"filename": "Symbol 4 instance 10013",
	"frame": {"x":987,"y":1020,"w":329,"h":510},
	"rotated": false,
	"trimmed": false,
	"spriteSourceSize": {"x":0,"y":0,"w":329,"h":510},
	"sourceSize": {"w":329,"h":510}
}
,{
	"filename": "Symbol 4 instance 10014",
	"frame": {"x":1316,"y":1020,"w":329,"h":510},
	"rotated": false,
	"trimmed": false,
	"spriteSourceSize": {"x":0,"y":0,"w":329,"h":510},
	"sourceSize": {"w":329,"h":510}
}],
"meta": {
	"app": "Adobe Animate",
	"version": "22.0.0.93",
	"image": "cannon_green.png",
	"format": "RGBA8888",
	"size": {"w":1666,"h":1599},
	"scale": "1"
}
}
