﻿{"frames": [

{
	"filename": "Symbol 1 instance 10000",
	"frame": {"x":0,"y":0,"w":38,"h":50},
	"rotated": false,
	"trimmed": false,
	"spriteSourceSize": {"x":0,"y":0,"w":38,"h":50},
	"sourceSize": {"w":38,"h":50}
}
,{
	"filename": "Symbol 1 instance 10001",
	"frame": {"x":38,"y":0,"w":38,"h":50},
	"rotated": false,
	"trimmed": false,
	"spriteSourceSize": {"x":0,"y":0,"w":38,"h":50},
	"sourceSize": {"w":38,"h":50}
}],
"meta": {
	"app": "Adobe Animate",
	"version": "22.0.0.93",
	"image": "pluse and minus.png",
	"format": "RGBA8888",
	"size": {"w":78,"h":51},
	"scale": "1"
}
}
