﻿{"frames": [

{
	"filename": "Symbol 5 copy instance 10000",
	"frame": {"x":0,"y":0,"w":58,"h":60},
	"rotated": false,
	"trimmed": false,
	"spriteSourceSize": {"x":0,"y":0,"w":58,"h":60},
	"sourceSize": {"w":58,"h":60}
}
,{
	"filename": "Symbol 5 copy instance 10001",
	"frame": {"x":58,"y":0,"w":58,"h":60},
	"rotated": false,
	"trimmed": false,
	"spriteSourceSize": {"x":0,"y":0,"w":58,"h":60},
	"sourceSize": {"w":58,"h":60}
}],
"meta": {
	"app": "Adobe Animate",
	"version": "22.0.0.93",
	"image": "btn_2.png",
	"format": "RGBA8888",
	"size": {"w":119,"h":60},
	"scale": "1"
}
}
