﻿{"frames": [

{
	"filename": "Symbol 45 copy instance 10000",
	"frame": {"x":0,"y":0,"w":156,"h":153},
	"rotated": false,
	"trimmed": false,
	"spriteSourceSize": {"x":0,"y":0,"w":156,"h":153},
	"sourceSize": {"w":156,"h":153}
}
,{
	"filename": "Symbol 45 copy instance 10001",
	"frame": {"x":156,"y":0,"w":156,"h":153},
	"rotated": false,
	"trimmed": false,
	"spriteSourceSize": {"x":0,"y":0,"w":156,"h":153},
	"sourceSize": {"w":156,"h":153}
}
,{
	"filename": "Symbol 45 copy instance 10002",
	"frame": {"x":312,"y":0,"w":156,"h":153},
	"rotated": false,
	"trimmed": false,
	"spriteSourceSize": {"x":0,"y":0,"w":156,"h":153},
	"sourceSize": {"w":156,"h":153}
}
,{
	"filename": "Symbol 45 copy instance 10003",
	"frame": {"x":468,"y":0,"w":156,"h":153},
	"rotated": false,
	"trimmed": false,
	"spriteSourceSize": {"x":0,"y":0,"w":156,"h":153},
	"sourceSize": {"w":156,"h":153}
}
,{
	"filename": "Symbol 45 copy instance 10004",
	"frame": {"x":624,"y":0,"w":156,"h":153},
	"rotated": false,
	"trimmed": false,
	"spriteSourceSize": {"x":0,"y":0,"w":156,"h":153},
	"sourceSize": {"w":156,"h":153}
}],
"meta": {
	"app": "Adobe Animate",
	"version": "22.0.0.93",
	"image": "anim_3.png",
	"format": "RGBA8888",
	"size": {"w":783,"h":160},
	"scale": "1"
}
}
