﻿{"frames": [

{
	"filename": "Symbol 45 instance 10000",
	"frame": {"x":0,"y":0,"w":196,"h":121},
	"rotated": false,
	"trimmed": false,
	"spriteSourceSize": {"x":0,"y":0,"w":196,"h":121},
	"sourceSize": {"w":196,"h":121}
}
,{
	"filename": "Symbol 45 instance 10001",
	"frame": {"x":196,"y":0,"w":196,"h":121},
	"rotated": false,
	"trimmed": false,
	"spriteSourceSize": {"x":0,"y":0,"w":196,"h":121},
	"sourceSize": {"w":196,"h":121}
}
,{
	"filename": "Symbol 45 instance 10002",
	"frame": {"x":392,"y":0,"w":196,"h":121},
	"rotated": false,
	"trimmed": false,
	"spriteSourceSize": {"x":0,"y":0,"w":196,"h":121},
	"sourceSize": {"w":196,"h":121}
}
,{
	"filename": "Symbol 45 instance 10003",
	"frame": {"x":588,"y":0,"w":196,"h":121},
	"rotated": false,
	"trimmed": false,
	"spriteSourceSize": {"x":0,"y":0,"w":196,"h":121},
	"sourceSize": {"w":196,"h":121}
}
,{
	"filename": "Symbol 45 instance 10004",
	"frame": {"x":784,"y":0,"w":196,"h":121},
	"rotated": false,
	"trimmed": false,
	"spriteSourceSize": {"x":0,"y":0,"w":196,"h":121},
	"sourceSize": {"w":196,"h":121}
}],
"meta": {
	"app": "Adobe Animate",
	"version": "22.0.0.93",
	"image": "anim_2.png",
	"format": "RGBA8888",
	"size": {"w":999,"h":160},
	"scale": "1"
}
}
