﻿{"frames": [

{
	"filename": "Symbol 5 instance 10000",
	"frame": {"x":0,"y":0,"w":121,"h":121},
	"rotated": false,
	"trimmed": false,
	"spriteSourceSize": {"x":0,"y":0,"w":121,"h":121},
	"sourceSize": {"w":121,"h":121}
}
,{
	"filename": "Symbol 5 instance 10001",
	"frame": {"x":121,"y":0,"w":121,"h":121},
	"rotated": false,
	"trimmed": false,
	"spriteSourceSize": {"x":0,"y":0,"w":121,"h":121},
	"sourceSize": {"w":121,"h":121}
}
,{
	"filename": "Symbol 5 instance 10002",
	"frame": {"x":242,"y":0,"w":121,"h":121},
	"rotated": false,
	"trimmed": false,
	"spriteSourceSize": {"x":0,"y":0,"w":121,"h":121},
	"sourceSize": {"w":121,"h":121}
}],
"meta": {
	"app": "Adobe Animate",
	"version": "22.0.0.93",
	"image": "angle_2.png",
	"format": "RGBA8888",
	"size": {"w":365,"h":123},
	"scale": "1"
}
}
