﻿{"frames": [

{
	"filename": "Symbol 4 instance 10000",
	"frame": {"x":0,"y":0,"w":140,"h":121},
	"rotated": false,
	"trimmed": false,
	"spriteSourceSize": {"x":0,"y":0,"w":140,"h":121},
	"sourceSize": {"w":140,"h":121}
}
,{
	"filename": "Symbol 4 instance 10001",
	"frame": {"x":140,"y":0,"w":140,"h":121},
	"rotated": false,
	"trimmed": false,
	"spriteSourceSize": {"x":0,"y":0,"w":140,"h":121},
	"sourceSize": {"w":140,"h":121}
}
,{
	"filename": "Symbol 4 instance 10002",
	"frame": {"x":280,"y":0,"w":140,"h":121},
	"rotated": false,
	"trimmed": false,
	"spriteSourceSize": {"x":0,"y":0,"w":140,"h":121},
	"sourceSize": {"w":140,"h":121}
}],
"meta": {
	"app": "Adobe Animate",
	"version": "22.0.0.93",
	"image": "angle_1.png",
	"format": "RGBA8888",
	"size": {"w":422,"h":123},
	"scale": "1"
}
}
