﻿{"frames": [

{
	"filename": "Symbol 13 instance 10000",
	"frame": {"x":0,"y":0,"w":19,"h":33},
	"rotated": false,
	"trimmed": false,
	"spriteSourceSize": {"x":0,"y":0,"w":19,"h":33},
	"sourceSize": {"w":19,"h":33}
}
,{
	"filename": "Symbol 13 instance 10001",
	"frame": {"x":19,"y":0,"w":19,"h":33},
	"rotated": false,
	"trimmed": false,
	"spriteSourceSize": {"x":0,"y":0,"w":19,"h":33},
	"sourceSize": {"w":19,"h":33}
}
,{
	"filename": "Symbol 13 instance 10002",
	"frame": {"x":38,"y":0,"w":19,"h":33},
	"rotated": false,
	"trimmed": false,
	"spriteSourceSize": {"x":0,"y":0,"w":19,"h":33},
	"sourceSize": {"w":19,"h":33}
}
,{
	"filename": "Symbol 13 instance 10003",
	"frame": {"x":57,"y":0,"w":19,"h":33},
	"rotated": false,
	"trimmed": false,
	"spriteSourceSize": {"x":0,"y":0,"w":19,"h":33},
	"sourceSize": {"w":19,"h":33}
}
,{
	"filename": "Symbol 13 instance 10004",
	"frame": {"x":76,"y":0,"w":19,"h":33},
	"rotated": false,
	"trimmed": false,
	"spriteSourceSize": {"x":0,"y":0,"w":19,"h":33},
	"sourceSize": {"w":19,"h":33}
}],
"meta": {
	"app": "Adobe Animate",
	"version": "22.0.0.93",
	"image": "1 to 5.png",
	"format": "RGBA8888",
	"size": {"w":107,"h":37},
	"scale": "1"
}
}
