﻿{"frames": [

{
	"filename": "Symbol 1 instance 10000",
	"frame": {"x":0,"y":0,"w":143,"h":146},
	"rotated": false,
	"trimmed": false,
	"spriteSourceSize": {"x":0,"y":0,"w":143,"h":146},
	"sourceSize": {"w":143,"h":146}
}
,{
	"filename": "Symbol 1 instance 10001",
	"frame": {"x":143,"y":0,"w":143,"h":146},
	"rotated": false,
	"trimmed": false,
	"spriteSourceSize": {"x":0,"y":0,"w":143,"h":146},
	"sourceSize": {"w":143,"h":146}
}],
"meta": {
	"app": "Adobe Animate",
	"version": "22.0.0.93",
	"image": "Box_2new.png",
	"format": "RGBA8888",
	"size": {"w":287,"h":148},
	"scale": "1"
}
}
