﻿{"frames": [

{
	"filename": "Symbol 2 instance 10000",
	"frame": {"x":0,"y":0,"w":42,"h":41},
	"rotated": false,
	"trimmed": false,
	"spriteSourceSize": {"x":0,"y":0,"w":42,"h":41},
	"sourceSize": {"w":42,"h":41}
}
,{
	"filename": "Symbol 2 instance 10001",
	"frame": {"x":42,"y":0,"w":42,"h":41},
	"rotated": false,
	"trimmed": false,
	"spriteSourceSize": {"x":0,"y":0,"w":42,"h":41},
	"sourceSize": {"w":42,"h":41}
}],
"meta": {
	"app": "Adobe Animate",
	"version": "22.0.0.93",
	"image": "brown pink.png",
	"format": "RGBA8888",
	"size": {"w":87,"h":43},
	"scale": "1"
}
}
