﻿{"frames": [

{
	"filename": "Symbol 26 instance 10000",
	"frame": {"x":0,"y":0,"w":338,"h":338},
	"rotated": false,
	"trimmed": false,
	"spriteSourceSize": {"x":0,"y":0,"w":338,"h":338},
	"sourceSize": {"w":338,"h":338}
}
,{
	"filename": "Symbol 26 instance 10001",
	"frame": {"x":338,"y":0,"w":338,"h":338},
	"rotated": false,
	"trimmed": false,
	"spriteSourceSize": {"x":0,"y":0,"w":338,"h":338},
	"sourceSize": {"w":338,"h":338}
}],
"meta": {
	"app": "Adobe Animate",
	"version": "22.0.0.93",
	"image": "angle_1.png",
	"format": "RGBA8888",
	"size": {"w":677,"h":339},
	"scale": "1"
}
}
