﻿{"frames": [

{
	"filename": "Symbol 2 copy instance 10000",
	"frame": {"x":0,"y":0,"w":63,"h":62},
	"rotated": false,
	"trimmed": false,
	"spriteSourceSize": {"x":0,"y":0,"w":63,"h":62},
	"sourceSize": {"w":63,"h":62}
}
,{
	"filename": "Symbol 2 copy instance 10001",
	"frame": {"x":63,"y":0,"w":63,"h":62},
	"rotated": false,
	"trimmed": false,
	"spriteSourceSize": {"x":0,"y":0,"w":63,"h":62},
	"sourceSize": {"w":63,"h":62}
}],
"meta": {
	"app": "Adobe Animate",
	"version": "22.0.0.93",
	"image": "btn_1.png",
	"format": "RGBA8888",
	"size": {"w":127,"h":62},
	"scale": "1"
}
}
