﻿{
	"frames": [
		{
			"filename": "Symbol 35 instance 10000",
			"frame": {
				"x": 0,
				"y": 0,
				"w": 50,
				"h": 51
			},
			"rotated": false,
			"trimmed": false,
			"spriteSourceSize": {
				"x": 0,
				"y": 0,
				"w": 50,
				"h": 51
			},
			"sourceSize": {
				"w": 50,
				"h": 51
			}
		},
		{
			"filename": "Symbol 35 instance 10001",
			"frame": {
				"x": 50,
				"y": 0,
				"w": 50,
				"h": 51
			},
			"rotated": false,
			"trimmed": false,
			"spriteSourceSize": {
				"x": 0,
				"y": 0,
				"w": 50,
				"h": 51
			},
			"sourceSize": {
				"w": 50,
				"h": 51
			}
		},
		{
			"filename": "Symbol 35 instance 10002",
			"frame": {
				"x": 100,
				"y": 0,
				"w": 50,
				"h": 51
			},
			"rotated": false,
			"trimmed": false,
			"spriteSourceSize": {
				"x": 0,
				"y": 0,
				"w": 50,
				"h": 51
			},
			"sourceSize": {
				"w": 50,
				"h": 51
			}
		}
	],
	"meta": {
		"app": "Adobe Animate",
		"version": "22.0.0.93",
		"image": "3 colore tex box.png",
		"format": "RGBA8888",
		"size": {
			"w": 153,
			"h": 53
		},
		"scale": "1"
	}
}