﻿{"frames": [

{
	"filename": "Symbol 45 copy 2 instance 10000",
	"frame": {"x":0,"y":0,"w":151,"h":157},
	"rotated": false,
	"trimmed": false,
	"spriteSourceSize": {"x":0,"y":0,"w":151,"h":157},
	"sourceSize": {"w":151,"h":157}
}
,{
	"filename": "Symbol 45 copy 2 instance 10001",
	"frame": {"x":151,"y":0,"w":151,"h":157},
	"rotated": false,
	"trimmed": false,
	"spriteSourceSize": {"x":0,"y":0,"w":151,"h":157},
	"sourceSize": {"w":151,"h":157}
}
,{
	"filename": "Symbol 45 copy 2 instance 10002",
	"frame": {"x":302,"y":0,"w":151,"h":157},
	"rotated": false,
	"trimmed": false,
	"spriteSourceSize": {"x":0,"y":0,"w":151,"h":157},
	"sourceSize": {"w":151,"h":157}
}
,{
	"filename": "Symbol 45 copy 2 instance 10003",
	"frame": {"x":453,"y":0,"w":151,"h":157},
	"rotated": false,
	"trimmed": false,
	"spriteSourceSize": {"x":0,"y":0,"w":151,"h":157},
	"sourceSize": {"w":151,"h":157}
}
,{
	"filename": "Symbol 45 copy 2 instance 10004",
	"frame": {"x":604,"y":0,"w":151,"h":157},
	"rotated": false,
	"trimmed": false,
	"spriteSourceSize": {"x":0,"y":0,"w":151,"h":157},
	"sourceSize": {"w":151,"h":157}
}],
"meta": {
	"app": "Adobe Animate",
	"version": "22.0.0.93",
	"image": "anim_4.png",
	"format": "RGBA8888",
	"size": {"w":755,"h":160},
	"scale": "1"
}
}
