﻿{"frames": [

{
	"filename": "Symbol 8 instance 10000",
	"frame": {"x":0,"y":0,"w":127,"h":124},
	"rotated": false,
	"trimmed": false,
	"spriteSourceSize": {"x":0,"y":0,"w":127,"h":124},
	"sourceSize": {"w":127,"h":124}
}
,{
	"filename": "Symbol 8 instance 10001",
	"frame": {"x":127,"y":0,"w":127,"h":124},
	"rotated": false,
	"trimmed": false,
	"spriteSourceSize": {"x":0,"y":0,"w":127,"h":124},
	"sourceSize": {"w":127,"h":124}
}],
"meta": {
	"app": "Adobe Animate",
	"version": "22.0.0.93",
	"image": "orange box.png",
	"format": "RGBA8888",
	"size": {"w":254,"h":125},
	"scale": "1"
}
}
