﻿{"frames": [

{
	"filename": "Symbol 6 instance 10000",
	"frame": {"x":0,"y":0,"w":156,"h":156},
	"rotated": false,
	"trimmed": false,
	"spriteSourceSize": {"x":0,"y":0,"w":156,"h":156},
	"sourceSize": {"w":156,"h":156}
}
,{
	"filename": "Symbol 6 instance 10001",
	"frame": {"x":156,"y":0,"w":156,"h":156},
	"rotated": false,
	"trimmed": false,
	"spriteSourceSize": {"x":0,"y":0,"w":156,"h":156},
	"sourceSize": {"w":156,"h":156}
}],
"meta": {
	"app": "Adobe Animate",
	"version": "22.0.0.93",
	"image": "pink box.png",
	"format": "RGBA8888",
	"size": {"w":312,"h":156},
	"scale": "1"
}
}
