﻿{"frames": [

{
	"filename": "Symbol 1 instance 10000",
	"frame": {"x":0,"y":0,"w":245,"h":266},
	"rotated": false,
	"trimmed": false,
	"spriteSourceSize": {"x":0,"y":0,"w":245,"h":266},
	"sourceSize": {"w":245,"h":266}
}
,{
	"filename": "Symbol 1 instance 10001",
	"frame": {"x":245,"y":0,"w":245,"h":266},
	"rotated": false,
	"trimmed": false,
	"spriteSourceSize": {"x":0,"y":0,"w":245,"h":266},
	"sourceSize": {"w":245,"h":266}
}
,{
	"filename": "Symbol 1 instance 10002",
	"frame": {"x":490,"y":0,"w":245,"h":266},
	"rotated": false,
	"trimmed": false,
	"spriteSourceSize": {"x":0,"y":0,"w":245,"h":266},
	"sourceSize": {"w":245,"h":266}
}
,{
	"filename": "Symbol 1 instance 10003",
	"frame": {"x":735,"y":0,"w":245,"h":266},
	"rotated": false,
	"trimmed": false,
	"spriteSourceSize": {"x":0,"y":0,"w":245,"h":266},
	"sourceSize": {"w":245,"h":266}
}
,{
	"filename": "Symbol 1 instance 10004",
	"frame": {"x":980,"y":0,"w":245,"h":266},
	"rotated": false,
	"trimmed": false,
	"spriteSourceSize": {"x":0,"y":0,"w":245,"h":266},
	"sourceSize": {"w":245,"h":266}
}
,{
	"filename": "Symbol 1 instance 10005",
	"frame": {"x":1225,"y":0,"w":245,"h":266},
	"rotated": false,
	"trimmed": false,
	"spriteSourceSize": {"x":0,"y":0,"w":245,"h":266},
	"sourceSize": {"w":245,"h":266}
}
,{
	"filename": "Symbol 1 instance 10006",
	"frame": {"x":1470,"y":0,"w":245,"h":266},
	"rotated": false,
	"trimmed": false,
	"spriteSourceSize": {"x":0,"y":0,"w":245,"h":266},
	"sourceSize": {"w":245,"h":266}
}
,{
	"filename": "Symbol 1 instance 10007",
	"frame": {"x":1715,"y":0,"w":245,"h":266},
	"rotated": false,
	"trimmed": false,
	"spriteSourceSize": {"x":0,"y":0,"w":245,"h":266},
	"sourceSize": {"w":245,"h":266}
}
,{
	"filename": "Symbol 1 instance 10008",
	"frame": {"x":1960,"y":0,"w":245,"h":266},
	"rotated": false,
	"trimmed": false,
	"spriteSourceSize": {"x":0,"y":0,"w":245,"h":266},
	"sourceSize": {"w":245,"h":266}
}
,{
	"filename": "Symbol 1 instance 10009",
	"frame": {"x":2205,"y":0,"w":245,"h":266},
	"rotated": false,
	"trimmed": false,
	"spriteSourceSize": {"x":0,"y":0,"w":245,"h":266},
	"sourceSize": {"w":245,"h":266}
}
,{
	"filename": "Symbol 1 instance 10010",
	"frame": {"x":2450,"y":0,"w":245,"h":266},
	"rotated": false,
	"trimmed": false,
	"spriteSourceSize": {"x":0,"y":0,"w":245,"h":266},
	"sourceSize": {"w":245,"h":266}
}
,{
	"filename": "Symbol 1 instance 10011",
	"frame": {"x":2695,"y":0,"w":245,"h":266},
	"rotated": false,
	"trimmed": false,
	"spriteSourceSize": {"x":0,"y":0,"w":245,"h":266},
	"sourceSize": {"w":245,"h":266}
}
,{
	"filename": "Symbol 1 instance 10012",
	"frame": {"x":2940,"y":0,"w":245,"h":266},
	"rotated": false,
	"trimmed": false,
	"spriteSourceSize": {"x":0,"y":0,"w":245,"h":266},
	"sourceSize": {"w":245,"h":266}
}
,{
	"filename": "Symbol 1 instance 10013",
	"frame": {"x":3185,"y":0,"w":245,"h":266},
	"rotated": false,
	"trimmed": false,
	"spriteSourceSize": {"x":0,"y":0,"w":245,"h":266},
	"sourceSize": {"w":245,"h":266}
}
,{
	"filename": "Symbol 1 instance 10014",
	"frame": {"x":3430,"y":0,"w":245,"h":266},
	"rotated": false,
	"trimmed": false,
	"spriteSourceSize": {"x":0,"y":0,"w":245,"h":266},
	"sourceSize": {"w":245,"h":266}
}
,{
	"filename": "Symbol 1 instance 10015",
	"frame": {"x":3675,"y":0,"w":245,"h":266},
	"rotated": false,
	"trimmed": false,
	"spriteSourceSize": {"x":0,"y":0,"w":245,"h":266},
	"sourceSize": {"w":245,"h":266}
}
,{
	"filename": "Symbol 1 instance 10016",
	"frame": {"x":3920,"y":0,"w":245,"h":266},
	"rotated": false,
	"trimmed": false,
	"spriteSourceSize": {"x":0,"y":0,"w":245,"h":266},
	"sourceSize": {"w":245,"h":266}
}
,{
	"filename": "Symbol 1 instance 10017",
	"frame": {"x":4165,"y":0,"w":245,"h":266},
	"rotated": false,
	"trimmed": false,
	"spriteSourceSize": {"x":0,"y":0,"w":245,"h":266},
	"sourceSize": {"w":245,"h":266}
}
,{
	"filename": "Symbol 1 instance 10018",
	"frame": {"x":4410,"y":0,"w":245,"h":266},
	"rotated": false,
	"trimmed": false,
	"spriteSourceSize": {"x":0,"y":0,"w":245,"h":266},
	"sourceSize": {"w":245,"h":266}
}
,{
	"filename": "Symbol 1 instance 10019",
	"frame": {"x":4655,"y":0,"w":245,"h":266},
	"rotated": false,
	"trimmed": false,
	"spriteSourceSize": {"x":0,"y":0,"w":245,"h":266},
	"sourceSize": {"w":245,"h":266}
}
,{
	"filename": "Symbol 1 instance 10020",
	"frame": {"x":4900,"y":0,"w":245,"h":266},
	"rotated": false,
	"trimmed": false,
	"spriteSourceSize": {"x":0,"y":0,"w":245,"h":266},
	"sourceSize": {"w":245,"h":266}
}
,{
	"filename": "Symbol 1 instance 10021",
	"frame": {"x":5145,"y":0,"w":245,"h":266},
	"rotated": false,
	"trimmed": false,
	"spriteSourceSize": {"x":0,"y":0,"w":245,"h":266},
	"sourceSize": {"w":245,"h":266}
}
,{
	"filename": "Symbol 1 instance 10022",
	"frame": {"x":5390,"y":0,"w":245,"h":266},
	"rotated": false,
	"trimmed": false,
	"spriteSourceSize": {"x":0,"y":0,"w":245,"h":266},
	"sourceSize": {"w":245,"h":266}
}
,{
	"filename": "Symbol 1 instance 10023",
	"frame": {"x":5635,"y":0,"w":245,"h":266},
	"rotated": false,
	"trimmed": false,
	"spriteSourceSize": {"x":0,"y":0,"w":245,"h":266},
	"sourceSize": {"w":245,"h":266}
}
,{
	"filename": "Symbol 1 instance 10024",
	"frame": {"x":5880,"y":0,"w":245,"h":266},
	"rotated": false,
	"trimmed": false,
	"spriteSourceSize": {"x":0,"y":0,"w":245,"h":266},
	"sourceSize": {"w":245,"h":266}
}],
"meta": {
	"app": "Adobe Animate",
	"version": "22.0.0.93",
	"image": "blast.png",
	"format": "RGBA8888",
	"size": {"w":6192,"h":335},
	"scale": "1"
}
}
