﻿{"frames": [

{
	"filename": "Symbol 7 instance 10000",
	"frame": {"x":0,"y":0,"w":211,"h":216},
	"rotated": false,
	"trimmed": false,
	"spriteSourceSize": {"x":0,"y":0,"w":211,"h":216},
	"sourceSize": {"w":211,"h":216}
}
,{
	"filename": "Symbol 7 instance 10001",
	"frame": {"x":211,"y":0,"w":211,"h":216},
	"rotated": false,
	"trimmed": false,
	"spriteSourceSize": {"x":0,"y":0,"w":211,"h":216},
	"sourceSize": {"w":211,"h":216}
}
,{
	"filename": "Symbol 7 instance 10002",
	"frame": {"x":422,"y":0,"w":211,"h":216},
	"rotated": false,
	"trimmed": false,
	"spriteSourceSize": {"x":0,"y":0,"w":211,"h":216},
	"sourceSize": {"w":211,"h":216}
}],
"meta": {
	"app": "Adobe Animate",
	"version": "22.0.0.93",
	"image": "box_1.png",
	"format": "RGBA8888",
	"size": {"w":633,"h":218},
	"scale": "1"
}
}
