﻿{"frames": [

{
	"filename": "Symbol 3 copy instance 10000",
	"frame": {"x":0,"y":0,"w":59,"h":60},
	"rotated": false,
	"trimmed": false,
	"spriteSourceSize": {"x":0,"y":0,"w":59,"h":60},
	"sourceSize": {"w":59,"h":60}
}
,{
	"filename": "Symbol 3 copy instance 10001",
	"frame": {"x":59,"y":0,"w":59,"h":60},
	"rotated": false,
	"trimmed": false,
	"spriteSourceSize": {"x":0,"y":0,"w":59,"h":60},
	"sourceSize": {"w":59,"h":60}
}],
"meta": {
	"app": "Adobe Animate",
	"version": "22.0.0.93",
	"image": "Btn _1.png",
	"format": "RGBA8888",
	"size": {"w":118,"h":61},
	"scale": "1"
}
}
