﻿{"frames": [

{
	"filename": "Symbol 2 instance 10000",
	"frame": {"x":0,"y":0,"w":92,"h":90},
	"rotated": false,
	"trimmed": false,
	"spriteSourceSize": {"x":0,"y":0,"w":92,"h":90},
	"sourceSize": {"w":92,"h":90}
}
,{
	"filename": "Symbol 2 instance 10001",
	"frame": {"x":92,"y":0,"w":92,"h":90},
	"rotated": false,
	"trimmed": false,
	"spriteSourceSize": {"x":0,"y":0,"w":92,"h":90},
	"sourceSize": {"w":92,"h":90}
}],
"meta": {
	"app": "Adobe Animate",
	"version": "22.0.0.93",
	"image": "symbol_1.png",
	"format": "RGBA8888",
	"size": {"w":184,"h":90},
	"scale": "1"
}
}
